filename,corpus_name,child_code,age,transcript_id
CHILDES-Eng-NA/Peters/010410b.cha,Peters,TPC,16,4172
CHILDES-Eng-NA/Sprott/12SleepyHeads.cha,Sprott,HE,41,6966
CHILDES-Eng-NA/Sprott/12SleepyHeads.cha,Sprott,CO,42,6966
CHILDES-Eng-NA/Sprott/07Camping.cha,Sprott,SI,43,6961
CHILDES-Eng-NA/Sprott/07Camping.cha,Sprott,SC,41,6961
CHILDES-Eng-NA/Sprott/07Camping.cha,Sprott,NI,46,6961
CHILDES-Eng-NA/Sprott/07Camping.cha,Sprott,JE,48,6961
CHILDES-Eng-NA/Sprott/07Camping.cha,Sprott,EL,45,6961
CHILDES-Eng-NA/Sprott/20CowabungaDudes.cha,Sprott,SC,44,6974
CHILDES-Eng-NA/Sprott/20CowabungaDudes.cha,Sprott,JE,52,6974
CHILDES-Eng-NA/Sprott/20CowabungaDudes.cha,Sprott,AM,42,6974
CHILDES-Eng-NA/Sprott/20CowabungaDudes.cha,Sprott,NI,50,6974
CHILDES-Eng-NA/Sprott/20CowabungaDudes.cha,Sprott,SA,40,6974
CHILDES-Eng-NA/Sprott/20CowabungaDudes.cha,Sprott,LL,44,6974
CHILDES-Eng-NA/Sprott/20CowabungaDudes.cha,Sprott,JL,45,6974
CHILDES-Eng-NA/Sprott/20CowabungaDudes.cha,Sprott,SI,46,6974
CHILDES-Eng-NA/Sprott/20CowabungaDudes.cha,Sprott,CO,45,6974
CHILDES-Eng-NA/Sprott/20CowabungaDudes.cha,Sprott,HE,44,6974
CHILDES-Eng-NA/Sprott/14StageDoor.cha,Sprott,CO,44,6968
CHILDES-Eng-NA/Sprott/14StageDoor.cha,Sprott,JS,45,6968
CHILDES-Eng-NA/Sprott/14StageDoor.cha,Sprott,LA,49,6968
CHILDES-Eng-NA/Sprott/14StageDoor.cha,Sprott,HE,43,6968
CHILDES-Eng-NA/Sprott/14StageDoor.cha,Sprott,SI,45,6968
CHILDES-Eng-NA/Sprott/14StageDoor.cha,Sprott,SB,41,6968
CHILDES-Eng-NA/Sprott/14StageDoor.cha,Sprott,KE,44,6968
CHILDES-Eng-NA/Sprott/14StageDoor.cha,Sprott,JO,44,6968
CHILDES-Eng-NA/Sprott/14StageDoor.cha,Sprott,EL,47,6968
CHILDES-Eng-NA/Sprott/14StageDoor.cha,Sprott,NI,49,6968
CHILDES-Eng-NA/Sprott/01Goldilocks.cha,Sprott,SI,41,6954
CHILDES-Eng-NA/Sprott/01Goldilocks.cha,Sprott,JE,47,6954
CHILDES-Eng-NA/Sprott/01Goldilocks.cha,Sprott,JS,42,6954
CHILDES-Eng-NA/Sprott/01Goldilocks.cha,Sprott,CO,40,6954
CHILDES-Eng-NA/Sprott/01Goldilocks.cha,Sprott,SB,38,6954
CHILDES-Eng-NA/Sprott/01Goldilocks.cha,Sprott,JO,35,6954
CHILDES-Eng-NA/Sprott/01Goldilocks.cha,Sprott,TP,33,6954
CHILDES-Eng-NA/Sprott/18RunAround.cha,Sprott,JE,50,6972
CHILDES-Eng-NA/Sprott/18RunAround.cha,Sprott,TP,38,6972
CHILDES-Eng-NA/Sprott/18RunAround.cha,Sprott,SI,46,6972
CHILDES-Eng-NA/Sprott/18RunAround.cha,Sprott,SC,44,6972
CHILDES-Eng-NA/Sprott/18RunAround.cha,Sprott,JO,39,6972
CHILDES-Eng-NA/Sprott/18RunAround.cha,Sprott,HE,44,6972
CHILDES-Eng-NA/Sprott/21SleepingBeauty.cha,Sprott,CO,46,6976
CHILDES-Eng-NA/Sprott/21SleepingBeauty.cha,Sprott,KE,46,6976
CHILDES-Eng-NA/Sprott/21SleepingBeauty.cha,Sprott,LA,51,6976
CHILDES-Eng-NA/Sprott/21SleepingBeauty.cha,Sprott,JS,48,6976
CHILDES-Eng-NA/Sprott/21SleepingBeauty.cha,Sprott,SI,48,6976
CHILDES-Eng-NA/Sprott/21SleepingBeauty.cha,Sprott,JO,41,6976
CHILDES-Eng-NA/Sprott/21SleepingBeauty.cha,Sprott,AM,43,6976
CHILDES-Eng-NA/Sprott/09NeedingMarbles.cha,Sprott,AM,38,6963
CHILDES-Eng-NA/Sprott/09NeedingMarbles.cha,Sprott,TP,35,6963
CHILDES-Eng-NA/Sprott/09NeedingMarbles.cha,Sprott,JE,49,6963
CHILDES-Eng-NA/Sprott/09NeedingMarbles.cha,Sprott,CO,42,6963
CHILDES-Eng-NA/Sprott/09NeedingMarbles.cha,Sprott,LL,40,6963
CHILDES-Eng-NA/Sprott/09NeedingMarbles.cha,Sprott,SA,37,6963
CHILDES-Eng-NA/Sprott/09NeedingMarbles.cha,Sprott,KE,42,6963
CHILDES-Eng-NA/Sprott/09NeedingMarbles.cha,Sprott,AN,38,6963
CHILDES-Eng-NA/Sprott/05AmyConv.cha,Sprott,AM,37,6958
CHILDES-Eng-NA/Sprott/05AmyConv.cha,Sprott,SI,42,6958
CHILDES-Eng-NA/Sprott/05AmyConv.cha,Sprott,JE,47,6958
CHILDES-Eng-NA/Sprott/03JLUpstairs.cha,Sprott,JS,42,6956
CHILDES-Eng-NA/Sprott/03JLUpstairs.cha,Sprott,LA,45,6956
CHILDES-Eng-NA/Sprott/03JLUpstairs.cha,Sprott,TP,34,6956
CHILDES-Eng-NA/Sprott/03JLUpstairs.cha,Sprott,SI,42,6956
CHILDES-Eng-NA/Sprott/03JLUpstairs.cha,Sprott,EL,44,6956
CHILDES-Eng-NA/Sprott/03JLUpstairs.cha,Sprott,JE,47,6956
CHILDES-Eng-NA/Sprott/03JLUpstairs.cha,Sprott,JX,48,6956
CHILDES-Eng-NA/Sprott/06SealsquidUpstairs.cha,Sprott,HE,40,6960
CHILDES-Eng-NA/Sprott/06SealsquidUpstairs.cha,Sprott,KE,41,6960
CHILDES-Eng-NA/Sprott/06SealsquidUpstairs.cha,Sprott,JS,42,6960
CHILDES-Eng-NA/Sprott/06SealsquidUpstairs.cha,Sprott,QU,41,6960
CHILDES-Eng-NA/Sprott/22LadyDogs.cha,Sprott,SI,48,6975
CHILDES-Eng-NA/Sprott/22LadyDogs.cha,Sprott,JO,41,6975
CHILDES-Eng-NA/Sprott/22LadyDogs.cha,Sprott,EL,50,6975
CHILDES-Eng-NA/Sprott/22LadyDogs.cha,Sprott,SB,44,6975
CHILDES-Eng-NA/Sprott/22LadyDogs.cha,Sprott,EM,44,6975
CHILDES-Eng-NA/Sprott/22LadyDogs.cha,Sprott,CA,43,6975
CHILDES-Eng-NA/Sprott/19ValentinesDay.cha,Sprott,KE,45,6973
CHILDES-Eng-NA/Sprott/19ValentinesDay.cha,Sprott,CO,45,6973
CHILDES-Eng-NA/Sprott/19ValentinesDay.cha,Sprott,SI,46,6973
CHILDES-Eng-NA/Sprott/19ValentinesDay.cha,Sprott,HE,44,6973
CHILDES-Eng-NA/Sprott/19ValentinesDay.cha,Sprott,JS,46,6973
CHILDES-Eng-NA/Sprott/19ValentinesDay.cha,Sprott,SA,40,6973
CHILDES-Eng-NA/Sprott/08UpstairsDownstairs.cha,Sprott,QU,42,6962
CHILDES-Eng-NA/Sprott/08UpstairsDownstairs.cha,Sprott,CO,41,6962
CHILDES-Eng-NA/Sprott/08UpstairsDownstairs.cha,Sprott,AN,38,6962
CHILDES-Eng-NA/Sprott/08UpstairsDownstairs.cha,Sprott,KE,41,6962
CHILDES-Eng-NA/Sprott/08UpstairsDownstairs.cha,Sprott,AM,38,6962
CHILDES-Eng-NA/Sprott/08UpstairsDownstairs.cha,Sprott,LA,46,6962
CHILDES-Eng-NA/Sprott/08UpstairsDownstairs.cha,Sprott,JS,43,6962
CHILDES-Eng-NA/Sprott/08UpstairsDownstairs.cha,Sprott,EL,45,6962
CHILDES-Eng-NA/Sprott/08UpstairsDownstairs.cha,Sprott,SI,43,6962
CHILDES-Eng-NA/Sprott/10BoysTown.cha,Sprott,SC,42,6964
CHILDES-Eng-NA/Sprott/10BoysTown.cha,Sprott,QU,43,6964
CHILDES-Eng-NA/Sprott/10BoysTown.cha,Sprott,EL,46,6964
CHILDES-Eng-NA/Sprott/10BoysTown.cha,Sprott,JE,49,6964
CHILDES-Eng-NA/Sprott/10BoysTown.cha,Sprott,NI,47,6964
CHILDES-Eng-NA/Sprott/13FireEngine.cha,Sprott,AN,39,6967
CHILDES-Eng-NA/Sprott/13FireEngine.cha,Sprott,JO,38,6967
CHILDES-Eng-NA/Sprott/13FireEngine.cha,Sprott,SI,44,6967
CHILDES-Eng-NA/Sprott/13FireEngine.cha,Sprott,JE,49,6967
CHILDES-Eng-NA/Sprott/13FireEngine.cha,Sprott,TP,36,6967
CHILDES-Eng-NA/Sprott/13FireEngine.cha,Sprott,SB,40,6967
CHILDES-Eng-NA/Sprott/13FireEngine.cha,Sprott,LL,41,6967
CHILDES-Eng-NA/Sprott/13FireEngine.cha,Sprott,CO,43,6967
CHILDES-Eng-NA/Sprott/13FireEngine.cha,Sprott,NI,47,6967
CHILDES-Eng-NA/Sprott/13FireEngine.cha,Sprott,SC,42,6967
CHILDES-Eng-NA/Sprott/13FireEngine.cha,Sprott,AM,61,6967
CHILDES-Eng-NA/Sprott/24HighwayTrucks.cha,Sprott,TP,41,6978
CHILDES-Eng-NA/Sprott/24HighwayTrucks.cha,Sprott,TM,44,6978
CHILDES-Eng-NA/Sprott/24HighwayTrucks.cha,Sprott,NI,52,6978
CHILDES-Eng-NA/Sprott/24HighwayTrucks.cha,Sprott,SA,42,6978
CHILDES-Eng-NA/Sprott/24HighwayTrucks.cha,Sprott,AM,44,6978
CHILDES-Eng-NA/Sprott/24HighwayTrucks.cha,Sprott,EM,45,6978
CHILDES-Eng-NA/Sprott/24HighwayTrucks.cha,Sprott,SB,45,6978
CHILDES-Eng-NA/Sprott/16MarbyMesses.cha,Sprott,TP,37,6970
CHILDES-Eng-NA/Sprott/16MarbyMesses.cha,Sprott,SA,39,6970
CHILDES-Eng-NA/Sprott/16MarbyMesses.cha,Sprott,SC,43,6970
CHILDES-Eng-NA/Sprott/16MarbyMesses.cha,Sprott,CO,44,6970
CHILDES-Eng-NA/Sprott/16MarbyMesses.cha,Sprott,JL,43,6970
CHILDES-Eng-NA/Sprott/16MarbyMesses.cha,Sprott,SB,42,6970
CHILDES-Eng-NA/Sprott/16MarbyMesses.cha,Sprott,KI,40,6970
CHILDES-Eng-NA/Sprott/15DollhouseTwo.cha,Sprott,CO,44,6969
CHILDES-Eng-NA/Sprott/15DollhouseTwo.cha,Sprott,JS,45,6969
CHILDES-Eng-NA/Sprott/15DollhouseTwo.cha,Sprott,LA,49,6969
CHILDES-Eng-NA/Sprott/15DollhouseTwo.cha,Sprott,TP,37,6969
CHILDES-Eng-NA/Sprott/11December.cha,Sprott,SI,44,6965
CHILDES-Eng-NA/Sprott/11December.cha,Sprott,JO,37,6965
CHILDES-Eng-NA/Sprott/11December.cha,Sprott,EL,46,6965
CHILDES-Eng-NA/Sprott/11December.cha,Sprott,CO,42,6965
CHILDES-Eng-NA/Sprott/11December.cha,Sprott,NI,47,6965
CHILDES-Eng-NA/Sprott/06SealSquid.cha,Sprott,TP,34,6959
CHILDES-Eng-NA/Sprott/06SealSquid.cha,Sprott,ER,40,6959
CHILDES-Eng-NA/Sprott/06SealSquid.cha,Sprott,EL,44,6959
CHILDES-Eng-NA/Sprott/06SealSquid.cha,Sprott,QU,41,6959
CHILDES-Eng-NA/Sprott/06SealSquid.cha,Sprott,CA,37,6959
CHILDES-Eng-NA/Sprott/06SealSquid.cha,Sprott,SC,40,6959
CHILDES-Eng-NA/Sprott/06SealSquid.cha,Sprott,NI,46,6959
CHILDES-Eng-NA/Sprott/06SealSquid.cha,Sprott,LA,46,6959
CHILDES-Eng-NA/Sprott/23CareBaby.cha,Sprott,SI,48,6977
CHILDES-Eng-NA/Sprott/23CareBaby.cha,Sprott,JE,54,6977
CHILDES-Eng-NA/Sprott/23CareBaby.cha,Sprott,JO,42,6977
CHILDES-Eng-NA/Sprott/23CareBaby.cha,Sprott,CO,47,6977
CHILDES-Eng-NA/Sprott/23CareBaby.cha,Sprott,JS,48,6977
CHILDES-Eng-NA/Sprott/23CareBaby.cha,Sprott,KE,47,6977
CHILDES-Eng-NA/Sprott/23CareBaby.cha,Sprott,AM,43,6977
CHILDES-Eng-NA/Sprott/23CareBaby.cha,Sprott,LA,51,6977
CHILDES-Eng-NA/Sprott/17SqueakyMom.cha,Sprott,JS,46,6971
CHILDES-Eng-NA/Sprott/17SqueakyMom.cha,Sprott,KE,44,6971
CHILDES-Eng-NA/Sprott/17SqueakyMom.cha,Sprott,CO,44,6971
CHILDES-Eng-NA/Sprott/17SqueakyMom.cha,Sprott,HE,43,6971
CHILDES-Eng-NA/Sprott/17SqueakyMom.cha,Sprott,AN,40,6971
CHILDES-Eng-NA/Sprott/02MarblePlay.cha,Sprott,KI,37,6955
CHILDES-Eng-NA/Sprott/02MarblePlay.cha,Sprott,SC,40,6955
CHILDES-Eng-NA/Sprott/02MarblePlay.cha,Sprott,TP,34,6955
CHILDES-Eng-NA/Sprott/02MarblePlay.cha,Sprott,CO,40,6955
CHILDES-Eng-NA/Sprott/02MarblePlay.cha,Sprott,JO,35,6955
CHILDES-Eng-NA/Sprott/02MarblePlay.cha,Sprott,JS,42,6955
CHILDES-Eng-NA/Sprott/02MarblePlay.cha,Sprott,LA,45,6955
CHILDES-Eng-NA/Sprott/02MarblePlay.cha,Sprott,NI,45,6955
CHILDES-Eng-NA/Sprott/02MarblePlay.cha,Sprott,JE,47,6955
CHILDES-Eng-NA/Sprott/02MarblePlay.cha,Sprott,TM,37,6955
CHILDES-Eng-NA/Sprott/02MarblePlay.cha,Sprott,ER,40,6955
CHILDES-Eng-NA/Sprott/02MarblePlay.cha,Sprott,SI,42,6955
CHILDES-Eng-NA/Sprott/02MarblePlay.cha,Sprott,AM,37,6955
CHILDES-Eng-NA/Sprott/02MarblePlay.cha,Sprott,CA,37,6955
CHILDES-Eng-NA/Sprott/02MarblePlay.cha,Sprott,EL,44,6955
CHILDES-Eng-NA/Sprott/02MarblePlay.cha,Sprott,SA,33,6955
CHILDES-Eng-NA/Sprott/02MarblePlay.cha,Sprott,QU,42,6955
CHILDES-Eng-NA/HSLLD/HV1/MT/conmt1.cha,HSLLD,JAK,51,5239
CHILDES-Eng-NA/HSLLD/HV1/TP/contp1.cha,HSLLD,JAK,51,5314
